,WALCL,RRP,TGA,BTC,OIL,DXY,GOLD,HYG,SPY,MOVE,US10Y,VIX
2024-12-31,6885963.0,473.46,764770.0,93429.203125,71.72000122070312,108.48999786376953,2629.199951171875,78.6500015258789,586.0800170898438,98.80000305175781,4.572999954223633,17.350000381469727
2025-01-01,6852491.0,473.46,719873.0,94419.7578125,71.72000122070312,108.48999786376953,2629.199951171875,78.6500015258789,586.0800170898438,98.80000305175781,4.572999954223633,17.350000381469727
2025-01-02,6852491.0,239.858,719873.0,96886.875,73.12999725341797,109.38999938964844,2658.89990234375,78.83999633789062,584.6400146484375,96.66999816894531,4.574999809265137,17.93000030517578
2025-01-03,6852491.0,237.377,719873.0,98107.4296875,73.95999908447266,108.94999694824219,2645.0,78.95999908447266,591.9500122070312,93.3499984741211,4.5960001945495605,16.1299991607666
2025-01-04,6852491.0,237.377,719873.0,98236.2265625,73.95999908447266,108.94999694824219,2645.0,78.95999908447266,591.9500122070312,93.3499984741211,4.5960001945495605,16.1299991607666
2025-01-05,6852491.0,237.377,719873.0,98314.9609375,73.95999908447266,108.94999694824219,2645.0,78.95999908447266,591.9500122070312,93.3499984741211,4.5960001945495605,16.1299991607666
2025-01-06,6852491.0,231.926,719873.0,102078.0859375,73.55999755859375,108.26000213623047,2638.39990234375,79.0999984741211,595.3599853515625,97.88999938964844,4.618000030517578,16.040000915527344
2025-01-07,6852491.0,208.296,719873.0,96922.703125,74.25,108.54000091552734,2656.699951171875,78.83999633789062,588.6300048828125,102.77999877929688,4.683000087738037,17.81999969482422
2025-01-08,6853554.0,185.144,652636.0,95043.5234375,73.31999969482422,109.08999633789062,2664.5,78.94000244140625,589.489990234375,100.76000213623047,4.692999839782715,17.700000762939453
2025-01-09,6853554.0,168.225,652636.0,92484.0390625,73.91999816894531,109.18000030517578,2683.800048828125,78.94000244140625,589.489990234375,100.76000213623047,4.692999839782715,17.700000762939453
2025-01-10,6853554.0,178.8,652636.0,94701.453125,76.56999969482422,109.6500015258789,2708.5,78.52999877929688,580.489990234375,96.56999969482422,4.776000022888184,19.540000915527344
2025-01-11,6853554.0,178.8,652636.0,94566.59375,76.56999969482422,109.6500015258789,2708.5,78.52999877929688,580.489990234375,96.56999969482422,4.776000022888184,19.540000915527344
2025-01-12,6853554.0,178.8,652636.0,94488.4375,76.56999969482422,109.6500015258789,2708.5,78.52999877929688,580.489990234375,96.56999969482422,4.776000022888184,19.540000915527344
2025-01-13,6853554.0,183.669,652636.0,94516.5234375,78.81999969482422,109.95999908447266,2673.5,78.51000213623047,581.3900146484375,103.51000213623047,4.802999973297119,19.190000534057617
2025-01-14,6853554.0,160.219,652636.0,96534.046875,77.5,109.2699966430664,2677.5,78.61000061035156,582.1900024414062,101.98999786376953,4.788000106811523,18.709999084472656
2025-01-15,6834070.0,119.977,641225.0,100504.4921875,80.04000091552734,109.08999633789062,2712.5,79.30000305175781,592.780029296875,93.0999984741211,4.6529998779296875,16.1200008392334
2025-01-16,6834070.0,94.489,641225.0,99756.90625,78.68000030517578,108.95999908447266,2746.39990234375,79.38999938964844,591.6400146484375,92.72000122070312,4.605999946594238,16.600000381469727
2025-01-17,6834070.0,118.327,641225.0,104462.0390625,77.87999725341797,109.3499984741211,2744.300048828125,79.45999908447266,597.5800170898438,95.5999984741211,4.609000205993652,15.970000267028809
2025-01-18,6834070.0,118.327,641225.0,104408.0703125,77.87999725341797,109.3499984741211,2744.300048828125,79.45999908447266,597.5800170898438,95.5999984741211,4.609000205993652,15.970000267028809
2025-01-19,6834070.0,118.327,641225.0,101089.609375,77.87999725341797,109.3499984741211,2744.300048828125,79.45999908447266,597.5800170898438,95.5999984741211,4.609000205993652,15.970000267028809
2025-01-20,6834070.0,118.327,641225.0,102016.6640625,77.87999725341797,109.3499984741211,2744.300048828125,79.45999908447266,597.5800170898438,95.5999984741211,4.609000205993652,15.970000267028809
2025-01-21,6834070.0,96.015,641225.0,106146.265625,75.88999938964844,108.05999755859375,2755.0,79.66999816894531,603.0499877929688,96.77999877929688,4.573999881744385,15.0600004196167
2025-01-22,6831760.0,123.981,677282.0,103653.0703125,75.44000244140625,108.16999816894531,2767.60009765625,79.55999755859375,606.4400024414062,89.9000015258789,4.598999977111816,15.100000381469727
2025-01-23,6831760.0,132.031,677282.0,103960.171875,74.62000274658203,108.05000305175781,2763.10009765625,79.66000366210938,609.75,88.51000213623047,4.638000011444092,15.020000457763672
2025-01-24,6831760.0,104.972,677282.0,104819.484375,74.66000366210938,107.44000244140625,2777.300048828125,79.75,607.969970703125,86.75,4.625999927520752,14.850000381469727
2025-01-25,6831760.0,104.972,677282.0,104714.6484375,74.66000366210938,107.44000244140625,2777.300048828125,79.75,607.969970703125,86.75,4.625999927520752,14.850000381469727
2025-01-26,6831760.0,104.972,677282.0,102682.5,74.66000366210938,107.44000244140625,2777.300048828125,79.75,607.969970703125,86.75,4.625999927520752,14.850000381469727
2025-01-27,6831760.0,92.863,677282.0,102087.6875,73.16999816894531,107.33999633789062,2737.5,79.80999755859375,599.3699951171875,95.05000305175781,4.5279998779296875,17.899999618530273
2025-01-28,6831760.0,112.76,677282.0,101332.4765625,73.7699966430664,107.87000274658203,2766.800048828125,79.77999877929688,604.52001953125,92.83000183105469,4.551000118255615,16.40999984741211
2025-01-29,6818186.0,121.842,784206.0,103703.2109375,72.62000274658203,108.0,2769.10009765625,79.7300033569336,601.8099975585938,90.7300033569336,4.554999828338623,16.559999465942383
2025-01-30,6818186.0,125.965,784206.0,104735.3046875,72.7300033569336,107.80000305175781,2823.0,79.87999725341797,605.0399780273438,90.54000091552734,4.51200008392334,15.84000015258789
2025-01-31,6818186.0,187.913,784206.0,102405.0234375,72.52999877929688,108.37000274658203,2812.5,79.72000122070312,601.8200073242188,91.76000213623047,4.568999767303467,16.43000030517578
2025-02-01,6818186.0,187.913,784206.0,100655.90625,72.52999877929688,108.37000274658203,2812.5,79.72000122070312,601.8200073242188,91.76000213623047,4.568999767303467,16.43000030517578
2025-02-02,6818186.0,187.913,784206.0,97688.9765625,72.52999877929688,108.37000274658203,2812.5,79.72000122070312,601.8200073242188,91.76000213623047,4.568999767303467,16.43000030517578
2025-02-03,6818186.0,97.781,784206.0,101405.421875,73.16000366210938,108.98999786376953,2833.89990234375,79.26000213623047,597.77001953125,94.1500015258789,4.543000221252441,18.6200008392334
2025-02-04,6818186.0,85.654,784206.0,97871.8203125,72.69999694824219,107.95999908447266,2853.300048828125,79.51000213623047,601.780029296875,90.27999877929688,4.513000011444092,17.209999084472656
2025-02-05,6810935.0,78.788,805593.0,96615.4453125,71.02999877929688,107.58000183105469,2871.60009765625,79.72000122070312,604.219970703125,94.68000030517578,4.421999931335449,15.770000457763672
2025-02-06,6810935.0,79.983,805593.0,96593.296875,70.61000061035156,107.69000244140625,2856.0,79.5999984741211,606.3200073242188,93.9000015258789,4.440000057220459,15.5
2025-02-07,6810935.0,95.248,805593.0,96529.0859375,71.0,108.04000091552734,2867.300048828125,79.3499984741211,600.77001953125,93.12999725341797,4.486999988555908,16.540000915527344
2025-02-08,6810935.0,95.248,805593.0,96482.453125,71.0,108.04000091552734,2867.300048828125,79.3499984741211,600.77001953125,93.12999725341797,4.486999988555908,16.540000915527344
2025-02-09,6810935.0,95.248,805593.0,96500.09375,71.0,108.04000091552734,2867.300048828125,79.3499984741211,600.77001953125,93.12999725341797,4.486999988555908,16.540000915527344
2025-02-10,6810935.0,99.653,805593.0,97437.5546875,72.31999969482422,108.31999969482422,2914.300048828125,79.51000213623047,604.8499755859375,87.68000030517578,4.493000030517578,15.8100004196167
2025-02-11,6810935.0,76.446,805593.0,95747.4296875,73.31999969482422,107.95999908447266,2912.5,79.4800033569336,605.3099975585938,85.58000183105469,4.5370001792907715,16.020000457763672
2025-02-12,6813513.0,67.67,828102.0,97885.859375,71.37000274658203,107.94000244140625,2909.0,79.30999755859375,603.3599853515625,86.58000183105469,4.63700008392334,15.890000343322754
2025-02-13,6813513.0,67.82,828102.0,96623.8671875,71.29000091552734,107.30999755859375,2925.89990234375,79.66999816894531,609.72998046875,84.56999969482422,4.525000095367432,15.100000381469727
2025-02-14,6813513.0,58.77,828102.0,97508.96875,70.73999786376953,106.56999969482422,2883.60009765625,79.76000213623047,609.7000122070312,84.66999816894531,4.4720001220703125,14.770000457763672
2025-02-15,6813513.0,58.77,828102.0,97580.3515625,70.73999786376953,106.56999969482422,2883.60009765625,79.76000213623047,609.7000122070312,84.66999816894531,4.4720001220703125,14.770000457763672
2025-02-16,6813513.0,58.77,828102.0,96175.03125,70.73999786376953,106.56999969482422,2883.60009765625,79.76000213623047,609.7000122070312,84.66999816894531,4.4720001220703125,14.770000457763672
2025-02-17,6813513.0,58.77,828102.0,95773.3828125,70.73999786376953,106.56999969482422,2883.60009765625,79.76000213623047,609.7000122070312,84.66999816894531,4.4720001220703125,14.770000457763672
2025-02-18,6813513.0,77.817,828102.0,95539.546875,71.8499984741211,107.05000305175781,2931.60009765625,79.69000244140625,611.489990234375,84.51000213623047,4.544000148773193,15.350000381469727
2025-02-19,6782332.0,73.196,790062.0,96635.609375,72.25,107.16999816894531,2919.39990234375,79.75,612.9299926757812,83.86000061035156,4.534999847412109,15.270000457763672
2025-02-20,6782332.0,63.207,790062.0,98333.9375,72.56999969482422,106.33999633789062,2940.0,79.80000305175781,610.3800048828125,86.26000213623047,4.5,15.65999984741211
2025-02-21,6782332.0,68.983,790062.0,96125.546875,70.4000015258789,106.61000061035156,2937.60009765625,79.6500015258789,599.9400024414062,91.83000183105469,4.420000076293945,18.209999084472656
2025-02-22,6782332.0,68.983,790062.0,96577.7578125,70.4000015258789,106.61000061035156,2937.60009765625,79.6500015258789,599.9400024414062,91.83000183105469,4.420000076293945,18.209999084472656
2025-02-23,6782332.0,68.983,790062.0,96273.921875,70.4000015258789,106.61000061035156,2937.60009765625,79.6500015258789,599.9400024414062,91.83000183105469,4.420000076293945,18.209999084472656
2025-02-24,6782332.0,76.818,790062.0,91418.171875,70.69999694824219,106.5999984741211,2947.89990234375,79.75,597.2100219726562,88.44000244140625,4.39300012588501,18.979999542236328
2025-02-25,6782332.0,96.0,790062.0,88736.171875,68.93000030517578,106.30999755859375,2904.5,79.94999694824219,594.239990234375,96.61000061035156,4.297999858856201,19.43000030517578
2025-02-26,6766101.0,126.058,681161.0,84347.0234375,68.62000274658203,106.41999816894531,2916.800048828125,80.05999755859375,594.5399780273438,97.5199966430664,4.249000072479248,19.100000381469727
2025-02-27,6766101.0,182.148,681161.0,84704.2265625,70.3499984741211,107.23999786376953,2883.199951171875,79.91000366210938,585.0499877929688,96.2699966430664,4.284999847412109,21.1299991607666
2025-02-28,6766101.0,234.422,681161.0,84373.0078125,69.76000213623047,107.61000061035156,2836.800048828125,80.12999725341797,594.1799926757812,104.45999908447266,4.230999946594238,19.6299991607666
2025-03-01,6766101.0,234.422,681161.0,86031.9140625,69.76000213623047,107.61000061035156,2836.800048828125,80.12999725341797,594.1799926757812,104.45999908447266,4.230999946594238,19.6299991607666
2025-03-02,6766101.0,234.422,681161.0,94248.3515625,69.76000213623047,107.61000061035156,2836.800048828125,80.12999725341797,594.1799926757812,104.45999908447266,4.230999946594238,19.6299991607666
2025-03-03,6766101.0,119.987,681161.0,86065.671875,68.37000274658203,106.75,2890.199951171875,79.58999633789062,583.77001953125,105.6500015258789,4.179999828338623,22.780000686645508
2025-03-04,6766101.0,135.257,681161.0,87222.1953125,68.26000213623047,105.73999786376953,2909.60009765625,79.58000183105469,576.8599853515625,108.87000274658203,4.210000038146973,23.510000228881836
2025-03-05,6756764.0,139.493,548331.0,90623.5625,66.30999755859375,105.73999786376953,2915.300048828125,79.62000274658203,583.0599975585938,104.31999969482422,4.264999866485596,21.93000030517578
2025-03-06,6756764.0,129.269,548331.0,89961.7265625,66.36000061035156,104.05999755859375,2916.60009765625,79.31999969482422,572.7100219726562,108.94999694824219,4.285999774932861,24.8700008392334
2025-03-07,6756764.0,136.305,548331.0,86742.671875,67.04000091552734,103.83999633789062,2904.699951171875,79.44999694824219,575.9199829101562,104.41000366210938,4.316999912261963,23.3700008392334
2025-03-08,6756764.0,136.305,548331.0,86154.59375,67.04000091552734,103.83999633789062,2904.699951171875,79.44999694824219,575.9199829101562,104.41000366210938,4.316999912261963,23.3700008392334
2025-03-09,6756764.0,136.305,548331.0,80601.0390625,67.04000091552734,103.83999633789062,2904.699951171875,79.44999694824219,575.9199829101562,104.41000366210938,4.316999912261963,23.3700008392334
2025-03-10,6756764.0,129.054,548331.0,78532.0,66.02999877929688,103.91000366210938,2891.0,79.1500015258789,560.5800170898438,112.5,4.2129998207092285,27.860000610351562
2025-03-11,6756764.0,137.31,548331.0,82862.2109375,66.25,103.44000244140625,2912.89990234375,78.87000274658203,555.9199829101562,114.5999984741211,4.288000106811523,26.920000076293945
2025-03-12,6759571.0,131.055,512581.0,83722.359375,67.68000030517578,103.61000061035156,2939.10009765625,78.95999908447266,558.8699951171875,104.11000061035156,4.317999839782715,24.229999542236328
2025-03-13,6759571.0,113.435,512581.0,81066.703125,66.55000305175781,103.83000183105469,2984.300048828125,78.5199966430664,551.4199829101562,106.19000244140625,4.27400016784668,24.65999984741211
2025-03-14,6759571.0,126.234,512581.0,83969.1015625,67.18000030517578,103.72000122070312,2994.5,78.87999725341797,562.8099975585938,101.01000213623047,4.308000087738037,21.770000457763672
2025-03-15,6759571.0,126.234,512581.0,84343.109375,67.18000030517578,103.72000122070312,2994.5,78.87999725341797,562.8099975585938,101.01000213623047,4.308000087738037,21.770000457763672
2025-03-16,6759571.0,126.234,512581.0,82579.6875,67.18000030517578,103.72000122070312,2994.5,78.87999725341797,562.8099975585938,101.01000213623047,4.308000087738037,21.770000457763672
2025-03-17,6759571.0,89.496,512581.0,84075.6875,67.58000183105469,103.37000274658203,3000.0,79.06999969482422,567.1500244140625,99.77999877929688,4.306000232696533,20.510000228881836
2025-03-18,6759571.0,149.503,512581.0,82718.5,66.9000015258789,103.23999786376953,3035.10009765625,78.93000030517578,561.02001953125,96.68000030517578,4.281000137329102,21.700000762939453
2025-03-19,6755982.0,193.378,435936.0,86854.2265625,67.16000366210938,103.43000030517578,3035.89990234375,79.44999694824219,567.1300048828125,91.4000015258789,4.25600004196167,19.899999618530273
2025-03-20,6755982.0,192.64,435936.0,84167.1953125,68.26000213623047,103.8499984741211,3040.0,79.33999633789062,565.489990234375,95.73999786376953,4.232999801635742,19.799999237060547
2025-03-21,6755982.0,200.85,435936.0,84043.2421875,68.27999877929688,104.08999633789062,3018.199951171875,79.22000122070312,563.97998046875,94.54000091552734,4.251999855041504,19.280000686645508
2025-03-22,6755982.0,200.85,435936.0,83832.484375,68.27999877929688,104.08999633789062,3018.199951171875,79.22000122070312,563.97998046875,94.54000091552734,4.251999855041504,19.280000686645508
2025-03-23,6755982.0,200.85,435936.0,86054.375,68.27999877929688,104.08999633789062,3018.199951171875,79.22000122070312,563.97998046875,94.54000091552734,4.251999855041504,19.280000686645508
2025-03-24,6755982.0,196.565,435936.0,87498.9140625,69.11000061035156,104.26000213623047,3013.10009765625,79.44999694824219,574.0800170898438,95.22000122070312,4.330999851226807,17.479999542236328
2025-03-25,6755982.0,214.786,435936.0,87471.703125,69.0,104.18000030517578,3023.699951171875,79.41000366210938,575.4600219726562,93.56999969482422,4.307000160217285,17.149999618530273
2025-03-26,6740253.0,241.371,360177.0,86900.8828125,69.6500015258789,104.55000305175781,3020.89990234375,79.08999633789062,568.5900268554688,91.41000366210938,4.3379998207092285,18.329999923706055
2025-03-27,6740253.0,291.785,360177.0,87177.1015625,69.91999816894531,104.06999969482422,3060.199951171875,78.94000244140625,567.0800170898438,91.02999877929688,4.36899995803833,18.690000534057617
2025-03-28,6740253.0,286.575,360177.0,84353.1484375,69.36000061035156,104.04000091552734,3086.5,78.80000305175781,555.6599731445312,96.83000183105469,4.255000114440918,21.649999618530273
2025-03-29,6740253.0,286.575,360177.0,82597.5859375,69.36000061035156,104.04000091552734,3086.5,78.80000305175781,555.6599731445312,96.83000183105469,4.255000114440918,21.649999618530273
2025-03-30,6740253.0,286.575,360177.0,82334.5234375,69.36000061035156,104.04000091552734,3086.5,78.80000305175781,555.6599731445312,96.83000183105469,4.255000114440918,21.649999618530273
2025-03-31,6740253.0,399.167,360177.0,82548.9140625,71.4800033569336,104.20999908447266,3122.800048828125,78.88999938964844,559.3900146484375,101.3499984741211,4.245999813079834,22.280000686645508
2025-04-01,6740253.0,230.063,360177.0,85169.171875,71.19999694824219,104.26000213623047,3118.89990234375,78.69000244140625,560.969970703125,104.7300033569336,4.156000137329102,21.770000457763672
2025-04-02,6723452.0,233.488,313326.0,82485.7109375,71.70999908447266,103.80999755859375,3139.89990234375,78.8499984741211,564.52001953125,106.38999938964844,4.196000099182129,21.510000228881836
2025-04-03,6723452.0,196.265,313326.0,83102.828125,66.94999694824219,102.06999969482422,3097.0,77.87000274658203,536.7000122070312,112.0,4.054999828338623,30.020000457763672
2025-04-04,6723452.0,184.499,313326.0,83843.8046875,61.9900016784668,103.0199966430664,3012.0,76.76000213623047,505.2799987792969,125.70999908447266,3.984999895095825,45.310001373291016
2025-04-05,6723452.0,184.499,313326.0,83504.796875,61.9900016784668,103.0199966430664,3012.0,76.76000213623047,505.2799987792969,125.70999908447266,3.984999895095825,45.310001373291016
2025-04-06,6723452.0,184.499,313326.0,78214.484375,61.9900016784668,103.0199966430664,3012.0,76.76000213623047,505.2799987792969,125.70999908447266,3.984999895095825,45.310001373291016
2025-04-07,6723452.0,148.146,313326.0,79235.3359375,60.70000076293945,103.26000213623047,2951.300048828125,76.0999984741211,504.3800048828125,137.3000030517578,4.15500020980835,46.97999954223633
2025-04-08,6723452.0,156.911,313326.0,76271.953125,59.58000183105469,102.95999908447266,2968.39990234375,75.75,496.4800109863281,139.8800048828125,4.26200008392334,52.33000183105469
2025-04-09,6727416.0,168.115,306049.0,82573.953125,62.349998474121094,102.9000015258789,3056.5,77.77999877929688,548.6199951171875,128.8300018310547,4.400000095367432,33.619998931884766
2025-04-10,6727416.0,129.95,306049.0,79626.140625,60.06999969482422,100.87000274658203,3155.199951171875,76.51000213623047,524.5800170898438,128.35000610351562,4.394000053405762,40.720001220703125
2025-04-11,6727416.0,98.531,306049.0,83404.8359375,61.5,99.77999877929688,3222.199951171875,76.73999786376953,533.9400024414062,137.25999450683594,4.493000030517578,37.560001373291016
2025-04-12,6727416.0,98.531,306049.0,85287.109375,61.5,99.77999877929688,3222.199951171875,76.73999786376953,533.9400024414062,137.25999450683594,4.493000030517578,37.560001373291016
2025-04-13,6727416.0,98.531,306049.0,83684.9765625,61.5,99.77999877929688,3222.199951171875,76.73999786376953,533.9400024414062,137.25999450683594,4.493000030517578,37.560001373291016
2025-04-14,6727416.0,102.838,306049.0,84542.390625,61.529998779296875,99.63999938964844,3204.800048828125,77.12000274658203,539.1199951171875,132.4600067138672,4.363999843597412,30.889999389648438
2025-04-15,6727416.0,88.878,306049.0,83668.9921875,61.33000183105469,100.22000122070312,3218.699951171875,77.33000183105469,537.6099853515625,122.55999755859375,4.322999954223633,30.1200008392334
2025-04-16,6727113.0,54.772,422983.0,84033.8671875,62.470001220703125,99.37999725341797,3326.60009765625,77.31999969482422,525.6599731445312,119.4000015258789,4.2789998054504395,32.63999938964844
2025-04-17,6727113.0,58.6,422983.0,84895.75,64.68000030517578,99.37999725341797,3308.699951171875,77.7699966430664,526.4099731445312,114.63999938964844,4.333000183105469,29.649999618530273
2025-04-18,6727113.0,58.6,422983.0,84450.8046875,64.68000030517578,99.37999725341797,3308.699951171875,77.7699966430664,526.4099731445312,114.63999938964844,4.333000183105469,29.649999618530273
2025-04-19,6727113.0,58.6,422983.0,85063.4140625,64.68000030517578,99.37999725341797,3308.699951171875,77.7699966430664,526.4099731445312,114.63999938964844,4.333000183105469,29.649999618530273
2025-04-20,6727113.0,58.6,422983.0,85174.3046875,64.68000030517578,99.37999725341797,3308.699951171875,77.7699966430664,526.4099731445312,114.63999938964844,4.333000183105469,29.649999618530273
2025-04-21,6727113.0,114.114,422983.0,87518.90625,63.08000183105469,98.27999877929688,3406.199951171875,77.30999755859375,513.8800048828125,128.55999755859375,4.40500020980835,33.81999969482422
2025-04-22,6727113.0,137.951,422983.0,93441.890625,64.30999755859375,98.91999816894531,3400.800048828125,77.61000061035156,527.25,118.3499984741211,4.388999938964844,30.56999969482422
2025-04-23,6726930.0,171.78,606632.0,93699.109375,62.27000045776367,99.83999633789062,3276.300048828125,78.0,535.4199829101562,116.5999984741211,4.38700008392334,28.450000762939453
2025-04-24,6726930.0,130.004,606632.0,93943.796875,62.790000915527344,99.29000091552734,3332.0,78.69999694824219,546.6900024414062,108.27999877929688,4.304999828338623,26.469999313354492
2025-04-25,6726930.0,94.021,606632.0,94720.5,63.02000045776367,99.47000122070312,3282.39990234375,78.7699966430664,550.6400146484375,105.79000091552734,4.265999794006348,24.84000015258789
2025-04-26,6726930.0,94.021,606632.0,94646.9296875,63.02000045776367,99.47000122070312,3282.39990234375,78.7699966430664,550.6400146484375,105.79000091552734,4.265999794006348,24.84000015258789
2025-04-27,6726930.0,94.021,606632.0,93754.84375,63.02000045776367,99.47000122070312,3282.39990234375,78.7699966430664,550.6400146484375,105.79000091552734,4.265999794006348,24.84000015258789
2025-04-28,6726930.0,148.649,606632.0,94978.75,62.04999923706055,99.01000213623047,3332.5,78.80999755859375,550.8499755859375,110.01000213623047,4.216000080108643,25.149999618530273
2025-04-29,6726930.0,157.537,606632.0,94284.7890625,60.41999816894531,99.23999786376953,3318.800048828125,79.0199966430664,554.3200073242188,112.2699966430664,4.172999858856201,24.170000076293945
2025-04-30,6709277.0,250.601,595741.0,94207.3125,58.209999084472656,99.47000122070312,3305.0,78.5999984741211,554.5399780273438,112.4800033569336,4.177000045776367,24.700000762939453
2025-05-01,6709277.0,157.353,595741.0,96492.3359375,59.2400016784668,100.25,3210.0,78.30000305175781,558.469970703125,107.33000183105469,4.230999946594238,24.600000381469727
2025-05-02,6709277.0,147.882,595741.0,96910.0703125,58.290000915527344,100.0,3231.89990234375,78.54000091552734,566.760009765625,101.4000015258789,4.322000026702881,22.68000030517578
2025-05-03,6709277.0,147.882,595741.0,95891.796875,58.290000915527344,100.0,3231.89990234375,78.54000091552734,566.760009765625,101.4000015258789,4.322000026702881,22.68000030517578
2025-05-04,6709277.0,147.882,595741.0,94315.9765625,58.290000915527344,100.0,3231.89990234375,78.54000091552734,566.760009765625,101.4000015258789,4.322000026702881,22.68000030517578
2025-05-05,6709277.0,124.69,595741.0,94748.0546875,57.130001068115234,99.83000183105469,3311.300048828125,78.51000213623047,563.510009765625,104.44999694824219,4.3429999351501465,23.639999389648438
2025-05-06,6709277.0,129.858,595741.0,96802.4765625,59.09000015258789,99.23999786376953,3411.39990234375,78.44999694824219,558.7999877929688,106.18000030517578,4.308000087738037,24.760000228881836
2025-05-07,6710889.0,154.859,583727.0,97032.3203125,58.06999969482422,99.61000061035156,3381.39990234375,78.5199966430664,561.1500244140625,99.87000274658203,4.275000095367432,23.549999237060547
2025-05-08,6710889.0,139.768,583727.0,103241.4609375,59.90999984741211,100.63999938964844,3296.60009765625,78.5,565.0599975585938,98.66000366210938,4.373000144958496,22.479999542236328
2025-05-09,6710889.0,142.272,583727.0,102970.8515625,61.02000045776367,100.33999633789062,3335.39990234375,78.55000305175781,564.3400268554688,100.4000015258789,4.375,21.899999618530273
2025-05-10,6710889.0,142.272,583727.0,104696.328125,61.02000045776367,100.33999633789062,3335.39990234375,78.55000305175781,564.3400268554688,100.4000015258789,4.375,21.899999618530273
2025-05-11,6710889.0,142.272,583727.0,104106.359375,61.02000045776367,100.33999633789062,3335.39990234375,78.55000305175781,564.3400268554688,100.4000015258789,4.375,21.899999618530273
2025-05-12,6710889.0,147.505,583727.0,102812.953125,61.95000076293945,101.79000091552734,3220.0,79.33000183105469,582.989990234375,102.9000015258789,4.456999778747559,18.389999389648438
2025-05-13,6710889.0,144.214,583727.0,104169.8125,63.66999816894531,101.0,3240.300048828125,79.47000122070312,586.8400268554688,100.12999725341797,4.499000072479248,18.219999313354492
2025-05-14,6713270.0,165.024,575846.0,103539.4140625,63.150001525878906,101.04000091552734,3181.39990234375,79.18000030517578,587.5900268554688,100.7300033569336,4.5279998779296875,18.6200008392334
2025-05-15,6713270.0,109.436,575846.0,103744.640625,61.619998931884766,100.87999725341797,3220.699951171875,79.33000183105469,590.4600219726562,98.6500015258789,4.454999923706055,17.829999923706055
2025-05-16,6713270.0,136.799,575846.0,103489.2890625,62.4900016784668,101.08999633789062,3182.0,79.41999816894531,594.2000122070312,96.69999694824219,4.440999984741211,17.239999771118164
2025-05-17,6713270.0,136.799,575846.0,103191.0859375,62.4900016784668,101.08999633789062,3182.0,79.41999816894531,594.2000122070312,96.69999694824219,4.440999984741211,17.239999771118164
2025-05-18,6713270.0,136.799,575846.0,106446.0078125,62.4900016784668,101.08999633789062,3182.0,79.41999816894531,594.2000122070312,96.69999694824219,4.440999984741211,17.239999771118164
2025-05-19,6713270.0,180.417,575846.0,105606.1796875,62.689998626708984,100.43000030517578,3228.89990234375,79.37999725341797,594.8499755859375,103.80999755859375,4.474999904632568,18.139999389648438
2025-05-20,6713270.0,136.033,575846.0,106791.0859375,62.560001373291016,100.12000274658203,3280.300048828125,79.33999633789062,592.8499755859375,101.37000274658203,4.480999946594238,18.09000015258789
2025-05-21,6688726.0,162.802,503055.0,109678.078125,61.56999969482422,99.55999755859375,3309.300048828125,78.80999755859375,582.8599853515625,102.0999984741211,4.5960001945495605,20.8700008392334
2025-05-22,6688726.0,173.018,503055.0,111673.28125,61.20000076293945,99.95999908447266,3292.300048828125,78.97000122070312,583.0900268554688,99.47000122070312,4.552999973297119,20.280000686645508
2025-05-23,6688726.0,154.841,503055.0,107287.796875,61.529998779296875,99.11000061035156,3363.60009765625,78.94999694824219,579.1099853515625,100.91000366210938,4.508999824523926,22.290000915527344
2025-05-24,6688726.0,154.841,503055.0,107791.15625,61.529998779296875,99.11000061035156,3363.60009765625,78.94999694824219,579.1099853515625,100.91000366210938,4.508999824523926,22.290000915527344
2025-05-25,6688726.0,154.841,503055.0,109035.390625,61.529998779296875,99.11000061035156,3363.60009765625,78.94999694824219,579.1099853515625,100.91000366210938,4.508999824523926,22.290000915527344
2025-05-26,6688726.0,154.841,503055.0,109440.3671875,61.529998779296875,98.93000030517578,3363.60009765625,78.94999694824219,579.1099853515625,100.91000366210938,4.508999824523926,22.290000915527344
2025-05-27,6688726.0,138.066,503055.0,108994.640625,60.88999938964844,99.5199966430664,3299.10009765625,79.43000030517578,591.1500244140625,97.93000030517578,4.434000015258789,18.959999084472656
2025-05-28,6673244.0,173.641,467204.0,107802.328125,61.84000015258789,99.87999725341797,3293.60009765625,79.37999725341797,587.72998046875,93.19999694824219,4.4770002365112305,19.309999465942383
2025-05-29,6673244.0,165.66,467204.0,105641.7578125,60.939998626708984,99.27999877929688,3317.10009765625,79.5,590.0499877929688,92.66999816894531,4.423999786376953,19.18000030517578
2025-05-30,6673244.0,315.657,467204.0,103998.5703125,60.790000915527344,99.33000183105469,3288.89990234375,79.56999969482422,589.3900146484375,92.11000061035156,4.415999889373779,18.56999969482422
2025-05-31,6673244.0,315.657,467204.0,104638.09375,60.790000915527344,99.33000183105469,3288.89990234375,79.56999969482422,589.3900146484375,92.11000061035156,4.415999889373779,18.56999969482422
2025-06-01,6673244.0,315.657,467204.0,105652.1015625,60.790000915527344,99.33000183105469,3288.89990234375,79.56999969482422,589.3900146484375,92.11000061035156,4.415999889373779,18.56999969482422
2025-06-02,6673244.0,135.841,467204.0,105881.53125,62.52000045776367,98.69999694824219,3370.60009765625,79.18000030517578,592.7100219726562,95.76000213623047,4.461999893188477,18.360000610351562
2025-06-03,6673244.0,153.177,467204.0,105432.46875,63.40999984741211,99.25,3350.199951171875,79.33000183105469,596.0900268554688,100.0,4.460000038146973,17.690000534057617
2025-06-04,6672885.0,168.882,378947.0,104731.984375,62.849998474121094,98.79000091552734,3373.5,79.4800033569336,595.9299926757812,96.9800033569336,4.364999771118164,17.610000610351562
2025-06-05,6672885.0,152.727,378947.0,101575.953125,63.369998931884766,98.73999786376953,3350.699951171875,79.30999755859375,593.0499877929688,94.6500015258789,4.394000053405762,18.479999542236328
2025-06-06,6672885.0,149.284,378947.0,104390.34375,64.58000183105469,99.19000244140625,3322.699951171875,79.30000305175781,599.1400146484375,89.6500015258789,4.510000228881836,16.770000457763672
2025-06-07,6672885.0,149.284,378947.0,105615.625,64.58000183105469,99.19000244140625,3322.699951171875,79.30000305175781,599.1400146484375,89.6500015258789,4.510000228881836,16.770000457763672
2025-06-08,6672885.0,149.284,378947.0,105793.6484375,64.58000183105469,99.19000244140625,3322.699951171875,79.30000305175781,599.1400146484375,89.6500015258789,4.510000228881836,16.770000457763672
2025-06-09,6672885.0,179.315,378947.0,110294.1015625,65.29000091552734,98.94000244140625,3332.10009765625,79.33999633789062,599.6799926757812,92.62000274658203,4.48199987411499,17.15999984741211
2025-06-10,6672885.0,182.725,378947.0,110257.234375,64.9800033569336,99.05000305175781,3320.89990234375,79.52999877929688,603.0800170898438,91.22000122070312,4.473999977111816,16.950000762939453
2025-06-11,6677155.0,204.625,332907.0,108686.625,68.1500015258789,98.62999725341797,3321.300048828125,79.51000213623047,601.3599853515625,89.36000061035156,4.4120001792907715,17.260000228881836
2025-06-12,6677155.0,181.417,332907.0,105929.0546875,68.04000091552734,97.91999816894531,3380.89990234375,79.5999984741211,603.75,88.98999786376953,4.35699987411499,18.020000457763672
2025-06-13,6677155.0,168.645,332907.0,106090.96875,72.9800033569336,98.18000030517578,3431.199951171875,79.36000061035156,597.0,95.30999755859375,4.423999786376953,20.81999969482422
2025-06-14,6677155.0,168.645,332907.0,105472.40625,72.9800033569336,98.18000030517578,3431.199951171875,79.36000061035156,597.0,95.30999755859375,4.423999786376953,20.81999969482422
2025-06-15,6677155.0,168.645,332907.0,105552.0234375,72.9800033569336,98.18000030517578,3431.199951171875,79.36000061035156,597.0,95.30999755859375,4.423999786376953,20.81999969482422
2025-06-16,6677155.0,140.759,332907.0,106796.7578125,71.7699966430664,98.0,3396.39990234375,79.5199966430664,602.6799926757812,93.4800033569336,4.452000141143799,19.110000610351562
2025-06-17,6677155.0,168.939,332907.0,104601.1171875,74.83999633789062,98.81999969482422,3386.60009765625,79.43000030517578,597.530029296875,97.18000030517578,4.39300012588501,21.600000381469727
2025-06-18,6681056.0,205.05,337762.0,104883.328125,75.13999938964844,98.91000366210938,3389.800048828125,79.55000305175781,597.4400024414062,93.63999938964844,4.396999835968018,20.139999389648438
2025-06-19,6681056.0,205.05,337762.0,104684.2890625,75.13999938964844,98.91000366210938,3389.800048828125,79.55000305175781,597.4400024414062,93.63999938964844,4.396999835968018,20.139999389648438
2025-06-20,6681056.0,138.283,337762.0,103309.6015625,74.93000030517578,98.70999908447266,3368.10009765625,79.80000305175781,594.280029296875,90.0999984741211,4.375,20.6200008392334
2025-06-21,6681056.0,138.283,337762.0,102257.40625,74.93000030517578,98.70999908447266,3368.10009765625,79.80000305175781,594.280029296875,90.0999984741211,4.375,20.6200008392334
2025-06-22,6681056.0,138.283,337762.0,100987.140625,74.93000030517578,98.70999908447266,3368.10009765625,79.80000305175781,594.280029296875,90.0999984741211,4.375,20.6200008392334
2025-06-23,6681056.0,165.319,337762.0,105577.7734375,68.51000213623047,98.41999816894531,3377.699951171875,79.94999694824219,600.1500244140625,95.02999877929688,4.320000171661377,19.829999923706055
2025-06-24,6681056.0,187.367,337762.0,106045.6328125,64.37000274658203,97.86000061035156,3317.39990234375,80.16999816894531,606.780029296875,92.62000274658203,4.293000221252441,17.479999542236328
2025-06-25,6662200.0,210.879,364375.0,107361.2578125,64.91999816894531,97.68000030517578,3327.10009765625,80.1500015258789,607.1199951171875,91.23999786376953,4.293000221252441,16.760000228881836
2025-06-26,6662200.0,252.432,364375.0,106960.0,65.23999786376953,97.1500015258789,3333.5,80.37999725341797,611.8699951171875,89.47000122070312,4.252999782562256,16.59000015258789
2025-06-27,6662200.0,285.742,364375.0,107088.4296875,65.5199966430664,97.4000015258789,3273.699951171875,80.33999633789062,614.9099731445312,87.93000030517578,4.2829999923706055,16.31999969482422
2025-06-28,6662200.0,285.742,364375.0,107327.703125,65.5199966430664,97.4000015258789,3273.699951171875,80.33999633789062,614.9099731445312,87.93000030517578,4.2829999923706055,16.31999969482422
2025-06-29,6662200.0,285.742,364375.0,108385.5703125,65.5199966430664,97.4000015258789,3273.699951171875,80.33999633789062,614.9099731445312,87.93000030517578,4.2829999923706055,16.31999969482422
2025-06-30,6662200.0,460.731,364375.0,107135.3359375,65.11000061035156,96.87999725341797,3294.39990234375,80.6500015258789,617.8499755859375,90.26000213623047,4.230000019073486,16.729999542236328
2025-07-01,6662200.0,245.53,364375.0,105698.28125,65.44999694824219,96.81999969482422,3336.699951171875,80.16999816894531,617.6500244140625,93.4800033569336,4.250999927520752,16.829999923706055
2025-07-02,6659598.0,237.307,359516.0,108859.3203125,67.44999694824219,96.77999877929688,3348.0,80.31999969482422,620.4500122070312,91.37000274658203,4.293000221252441,16.639999389648438
2025-07-03,6659598.0,214.665,359516.0,109647.9765625,67.0,97.18000030517578,3331.60009765625,80.37000274658203,625.3400268554688,86.08999633789062,4.3480000495910645,16.3799991607666
2025-07-04,6659598.0,214.665,359516.0,108034.3359375,66.5,97.18000030517578,3332.5,80.37000274658203,625.3400268554688,86.08999633789062,4.3480000495910645,16.3799991607666
2025-07-05,6659598.0,214.665,359516.0,108231.1796875,66.5,97.18000030517578,3332.5,80.37000274658203,625.3400268554688,86.08999633789062,4.3480000495910645,16.3799991607666
2025-07-06,6659598.0,214.665,359516.0,109232.0703125,66.5,97.18000030517578,3332.5,80.37000274658203,625.3400268554688,86.08999633789062,4.3480000495910645,16.3799991607666
2025-07-07,6659598.0,218.03,359516.0,108299.8515625,67.93000030517578,97.4800033569336,3332.199951171875,80.0999984741211,620.6799926757812,88.52999877929688,4.394999980926514,17.790000915527344
2025-07-08,6659598.0,219.415,359516.0,108950.2734375,68.33000183105469,97.51000213623047,3307.0,79.98999786376953,620.3400268554688,88.05000305175781,4.414999961853027,16.809999465942383
2025-07-09,6661912.0,227.273,319889.0,111326.5546875,68.37999725341797,97.47000122070312,3311.60009765625,80.20999908447266,624.0599975585938,84.30999755859375,4.3420000076293945,15.9399995803833
2025-07-10,6661912.0,183.339,319889.0,115987.203125,66.56999969482422,97.6500015258789,3317.39990234375,80.12999725341797,625.8200073242188,81.58000183105469,4.3460001945495605,15.779999732971191
2025-07-11,6661912.0,181.637,319889.0,117516.9921875,68.44999694824219,97.8499984741211,3356.0,80.02999877929688,623.6199951171875,85.4800033569336,4.422999858856201,16.399999618530273
2025-07-12,6661912.0,181.637,319889.0,117435.2265625,68.44999694824219,97.8499984741211,3356.0,80.02999877929688,623.6199951171875,85.4800033569336,4.422999858856201,16.399999618530273
2025-07-13,6661912.0,181.637,319889.0,119116.1171875,68.44999694824219,97.8499984741211,3356.0,80.02999877929688,623.6199951171875,85.4800033569336,4.422999858856201,16.399999618530273
2025-07-14,6661912.0,217.841,319889.0,119849.703125,66.9800033569336,98.08000183105469,3351.5,80.08999633789062,624.8099975585938,90.7300033569336,4.427000045776367,17.200000762939453
2025-07-15,6661912.0,198.277,319889.0,117777.1875,66.5199966430664,98.62000274658203,3329.800048828125,79.8499984741211,622.1400146484375,88.94999694824219,4.488999843597412,17.3799991607666
2025-07-16,6659273.0,197.086,296247.0,118738.5078125,66.37999725341797,98.38999938964844,3352.5,80.05999755859375,624.219970703125,89.5199966430664,4.454999923706055,17.15999984741211
2025-07-17,6659273.0,193.66,296247.0,119289.84375,67.54000091552734,98.7300033569336,3340.10009765625,80.13999938964844,628.0399780273438,85.56999969482422,4.4629998207092285,16.520000457763672
2025-07-18,6659273.0,199.298,296247.0,118003.2265625,67.33999633789062,98.4800033569336,3353.0,80.25,627.5800170898438,83.29000091552734,4.432000160217285,16.40999984741211
2025-07-19,6659273.0,199.298,296247.0,117939.9765625,67.33999633789062,98.4800033569336,3353.0,80.25,627.5800170898438,83.29000091552734,4.432000160217285,16.40999984741211
2025-07-20,6659273.0,199.298,296247.0,117300.7890625,67.33999633789062,98.4800033569336,3353.0,80.25,627.5800170898438,83.29000091552734,4.432000160217285,16.40999984741211
2025-07-21,6659273.0,213.666,296247.0,117439.5390625,67.19999694824219,97.8499984741211,3401.89990234375,80.36000061035156,628.77001953125,86.62000274658203,4.372000217437744,16.649999618530273
2025-07-22,6659273.0,196.374,296247.0,119995.4140625,66.20999908447266,97.38999938964844,3439.199951171875,80.5,628.8599853515625,89.88999938964844,4.335999965667725,16.5
2025-07-23,6657715.0,189.632,323176.0,118754.9609375,65.25,97.20999908447266,3394.10009765625,80.54000091552734,634.2100219726562,85.94999694824219,4.388000011444092,15.369999885559082
2025-07-24,6657715.0,132.186,323176.0,118368.0,66.02999877929688,97.37999725341797,3371.0,80.44000244140625,634.4199829101562,82.75,4.4079999923706055,15.390000343322754
2025-07-25,6657715.0,150.509,323176.0,117635.8828125,65.16000366210938,97.6500015258789,3334.0,80.48999786376953,637.0999755859375,82.08999633789062,4.386000156402588,14.930000305175781
2025-07-26,6657715.0,150.509,323176.0,117947.3671875,65.16000366210938,97.6500015258789,3334.0,80.48999786376953,637.0999755859375,82.08999633789062,4.386000156402588,14.930000305175781
2025-07-27,6657715.0,150.509,323176.0,119448.4921875,65.16000366210938,97.6500015258789,3334.0,80.48999786376953,637.0999755859375,82.08999633789062,4.386000156402588,14.930000305175781
2025-07-28,6657715.0,170.463,323176.0,117924.4765625,66.70999908447266,98.66000366210938,3309.10009765625,80.44999694824219,636.9400024414062,83.7300033569336,4.420000076293945,15.029999732971191
2025-07-29,6657715.0,171.018,323176.0,117922.1484375,69.20999908447266,98.91000366210938,3323.39990234375,80.5,635.260009765625,85.06999969482422,4.329999923706055,15.979999542236328
2025-07-30,6642578.0,155.481,370507.0,117831.1875,70.0,99.94000244140625,3295.800048828125,80.33000183105469,634.4600219726562,81.87999725341797,4.375999927520752,15.479999542236328
2025-07-31,6642578.0,214.445,370507.0,115758.203125,69.26000213623047,100.02999877929688,3293.199951171875,80.37999725341797,632.0800170898438,79.83999633789062,4.360000133514404,16.719999313354492
2025-08-01,6642578.0,97.426,370507.0,113320.0859375,67.33000183105469,98.69000244140625,3347.699951171875,79.9800033569336,621.719970703125,83.83000183105469,4.21999979019165,20.3799991607666
2025-08-02,6642578.0,97.426,370507.0,112526.9140625,67.33000183105469,98.69000244140625,3347.699951171875,79.9800033569336,621.719970703125,83.83000183105469,4.21999979019165,20.3799991607666
2025-08-03,6642578.0,97.426,370507.0,114217.671875,67.33000183105469,98.69000244140625,3347.699951171875,79.9800033569336,621.719970703125,83.83000183105469,4.21999979019165,20.3799991607666
2025-08-04,6642578.0,125.73,370507.0,115071.8828125,66.29000091552734,98.77999877929688,3374.39990234375,80.25,631.1699829101562,87.94999694824219,4.199999809265137,17.520000457763672
2025-08-05,6642578.0,84.356,370507.0,114141.4453125,65.16000366210938,98.77999877929688,3381.89990234375,80.20999908447266,627.969970703125,89.19999694824219,4.196000099182129,17.850000381469727
2025-08-06,6640843.0,91.966,421043.0,115028.0,64.3499984741211,98.18000030517578,3380.0,80.29000091552734,632.780029296875,83.88999938964844,4.21999979019165,16.770000457763672
2025-08-07,6640843.0,77.961,421043.0,117496.8984375,63.880001068115234,98.4000015258789,3400.300048828125,80.20999908447266,632.25,80.1500015258789,4.24399995803833,16.56999969482422
2025-08-08,6640843.0,80.303,421043.0,116688.7265625,63.880001068115234,98.18000030517578,3439.10009765625,80.22000122070312,637.1799926757812,79.19999694824219,4.284999847412109,15.149999618530273
2025-08-09,6640843.0,80.303,421043.0,116500.359375,63.880001068115234,98.18000030517578,3439.10009765625,80.22000122070312,637.1799926757812,79.19999694824219,4.284999847412109,15.149999618530273
2025-08-10,6640843.0,80.303,421043.0,119306.7578125,63.880001068115234,98.18000030517578,3439.10009765625,80.22000122070312,637.1799926757812,79.19999694824219,4.284999847412109,15.149999618530273
2025-08-11,6640843.0,82.214,421043.0,118731.4453125,63.959999084472656,98.5199966430664,3353.10009765625,80.22000122070312,635.9199829101562,81.76000213623047,4.2729997634887695,16.25
2025-08-12,6640843.0,57.492,421043.0,120172.90625,63.16999816894531,98.0999984741211,3348.89990234375,80.4000015258789,642.6900024414062,77.41999816894531,4.293000221252441,14.729999542236328
2025-08-13,6643615.0,57.202,504304.0,123344.0625,62.650001525878906,97.83999633789062,3358.699951171875,80.61000061035156,644.8900146484375,77.30999755859375,4.23799991607666,14.489999771118164
2025-08-14,6643615.0,28.818,504304.0,118359.578125,63.959999084472656,98.25,3335.199951171875,80.4000015258789,644.9500122070312,76.7699966430664,4.293000221252441,14.829999923706055
2025-08-15,6643615.0,33.757,504304.0,117398.3515625,62.79999923706055,97.8499984741211,3336.0,80.45999908447266,643.4400024414062,76.66000366210938,4.328000068664551,15.09000015258789
2025-08-16,6643615.0,33.757,504304.0,117491.3515625,62.79999923706055,97.8499984741211,3336.0,80.45999908447266,643.4400024414062,76.66000366210938,4.328000068664551,15.09000015258789
2025-08-17,6643615.0,33.757,504304.0,117453.0625,62.79999923706055,97.8499984741211,3336.0,80.45999908447266,643.4400024414062,76.66000366210938,4.328000068664551,15.09000015258789
2025-08-18,6643615.0,38.24,504304.0,116252.3125,63.41999816894531,98.16999816894531,3331.699951171875,80.4000015258789,643.2999877929688,81.81999969482422,4.341000080108643,14.989999771118164
2025-08-19,6643615.0,22.344,504304.0,112831.1796875,62.349998474121094,98.2699966430664,3313.39990234375,80.37999725341797,639.8099975585938,82.1500015258789,4.302000045776367,15.569999694824219
2025-08-20,6618415.0,34.999,519534.0,114274.7421875,63.209999084472656,98.22000122070312,3343.39990234375,80.3499984741211,638.1099853515625,80.75,4.296000003814697,15.6899995803833
2025-08-21,6618415.0,25.358,519534.0,112419.03125,63.52000045776367,98.62000274658203,3336.89990234375,80.19999694824219,635.5499877929688,80.5199966430664,4.329999923706055,16.600000381469727
2025-08-22,6618415.0,36.275,519534.0,116874.0859375,63.65999984741211,97.72000122070312,3374.39990234375,80.8499984741211,645.3099975585938,78.0999984741211,4.260000228881836,14.220000267028809
2025-08-23,6618415.0,36.275,519534.0,115374.328125,63.65999984741211,97.72000122070312,3374.39990234375,80.8499984741211,645.3099975585938,78.0999984741211,4.260000228881836,14.220000267028809
2025-08-24,6618415.0,36.275,519534.0,113458.4296875,63.65999984741211,97.72000122070312,3374.39990234375,80.8499984741211,645.3099975585938,78.0999984741211,4.260000228881836,14.220000267028809
2025-08-25,6618415.0,47.567,519534.0,110124.3515625,64.80000305175781,98.43000030517578,3373.800048828125,80.69000244140625,642.469970703125,77.55999755859375,4.275000095367432,14.789999961853027
2025-08-26,6618415.0,28.574,519534.0,111802.65625,63.25,98.2300033569336,3388.60009765625,80.87000274658203,645.1599731445312,79.36000061035156,4.257999897003174,14.619999885559082
2025-08-27,6603384.0,34.744,589998.0,111222.0625,64.1500015258789,98.2300033569336,3404.60009765625,80.97000122070312,646.6300048828125,77.66000366210938,4.23799991607666,14.850000381469727
2025-08-28,6603384.0,31.966,589998.0,112544.8046875,64.5999984741211,97.80999755859375,3431.800048828125,81.01000213623047,648.9199829101562,77.55000305175781,4.206999778747559,14.430000305175781
2025-08-29,6603384.0,77.898,589998.0,108410.8359375,64.01000213623047,97.7699966430664,3473.699951171875,80.86000061035156,645.0499877929688,79.38999938964844,4.2270002365112305,15.359999656677246
2025-08-30,6603384.0,77.898,589998.0,108808.0703125,64.01000213623047,97.7699966430664,3473.699951171875,80.86000061035156,645.0499877929688,79.38999938964844,4.2270002365112305,15.359999656677246
2025-08-31,6603384.0,77.898,589998.0,108236.7109375,64.01000213623047,97.7699966430664,3473.699951171875,80.86000061035156,645.0499877929688,79.38999938964844,4.2270002365112305,15.359999656677246
2025-09-01,6603384.0,77.898,589998.0,109250.59375,64.01000213623047,97.7699966430664,3473.699951171875,80.86000061035156,645.0499877929688,79.38999938964844,4.2270002365112305,15.359999656677246
2025-09-02,6603384.0,21.066,589998.0,111200.5859375,65.58999633789062,98.4000015258789,3549.39990234375,80.38999938964844,640.27001953125,85.27999877929688,4.2769999504089355,17.170000076293945
2025-09-03,6602071.0,17.923,597513.0,111723.2109375,63.970001220703125,98.13999938964844,3593.199951171875,80.61000061035156,643.739990234375,89.66999816894531,4.210999965667725,16.350000381469727
2025-09-04,6602071.0,20.128,597513.0,110723.6015625,63.47999954223633,98.3499984741211,3565.800048828125,80.83000183105469,649.1199951171875,88.26000213623047,4.176000118255615,15.300000190734863
2025-09-05,6602071.0,20.997,597513.0,110650.984375,61.869998931884766,97.7699966430664,3613.199951171875,80.87000274658203,647.239990234375,85.29000091552734,4.085999965667725,15.180000305175781
2025-09-06,6602071.0,20.997,597513.0,110224.6953125,61.869998931884766,97.7699966430664,3613.199951171875,80.87000274658203,647.239990234375,85.29000091552734,4.085999965667725,15.180000305175781
2025-09-07,6602071.0,20.997,597513.0,111167.6171875,61.869998931884766,97.7699966430664,3613.199951171875,80.87000274658203,647.239990234375,85.29000091552734,4.085999965667725,15.180000305175781
2025-09-08,6602071.0,19.416,597513.0,112071.4296875,62.2599983215332,97.44999694824219,3638.10009765625,80.87000274658203,648.8300170898438,84.0,4.046000003814697,15.109999656677246
2025-09-09,6602071.0,22.915,597513.0,111530.546875,62.630001068115234,97.79000091552734,3643.300048828125,80.77999877929688,650.3300170898438,82.19999694824219,4.073999881744385,15.039999961853027
2025-09-10,6605962.0,29.4,672274.0,113955.359375,63.66999816894531,97.77999877929688,3643.60009765625,80.83999633789062,652.2100219726562,79.58000183105469,4.0320000648498535,15.350000381469727
2025-09-11,6605962.0,26.897,672274.0,115507.5390625,62.369998931884766,97.54000091552734,3636.89990234375,81.04000091552734,657.6300048828125,75.06999969482422,4.011000156402588,14.710000038146973
2025-09-12,6605962.0,17.331,672274.0,116101.578125,62.689998626708984,97.55000305175781,3649.39990234375,80.95999908447266,657.4099731445312,73.37000274658203,4.060999870300293,14.760000228881836
2025-09-13,6605962.0,17.331,672274.0,115950.5078125,62.689998626708984,97.55000305175781,3649.39990234375,80.95999908447266,657.4099731445312,73.37000274658203,4.060999870300293,14.760000228881836
2025-09-14,6605962.0,17.331,672274.0,115407.65625,62.689998626708984,97.55000305175781,3649.39990234375,80.95999908447266,657.4099731445312,73.37000274658203,4.060999870300293,14.760000228881836
2025-09-15,6605962.0,16.954,672274.0,115444.875,63.29999923706055,97.30000305175781,3682.199951171875,81.19000244140625,660.9099731445312,76.87999725341797,4.033999919891357,15.6899995803833
2025-09-16,6605962.0,18.817,672274.0,116843.1875,64.5199966430664,96.62999725341797,3688.89990234375,81.12999725341797,660.0,77.08999633789062,4.026000022888184,16.360000610351562
2025-09-17,6608597.0,13.963,756376.0,116468.5078125,64.05000305175781,96.87000274658203,3681.800048828125,81.05000305175781,659.1799926757812,75.94999694824219,4.076000213623047,15.720000267028809
2025-09-18,6608597.0,13.707,756376.0,117137.203125,63.56999969482422,97.3499984741211,3643.699951171875,81.2300033569336,662.260009765625,71.91000366210938,4.104000091552734,15.699999809265137
2025-09-19,6608597.0,11.363,756376.0,115688.859375,62.68000030517578,97.63999938964844,3671.5,81.26000213623047,663.7000122070312,72.51000213623047,4.138999938964844,15.449999809265137
2025-09-20,6608597.0,11.363,756376.0,115721.9609375,62.68000030517578,97.63999938964844,3671.5,81.26000213623047,663.7000122070312,72.51000213623047,4.138999938964844,15.449999809265137
2025-09-21,6608597.0,11.363,756376.0,115306.09375,62.68000030517578,97.63999938964844,3671.5,81.26000213623047,663.7000122070312,72.51000213623047,4.138999938964844,15.449999809265137
2025-09-22,6608597.0,14.173,756376.0,112748.5078125,62.63999938964844,97.33000183105469,3740.699951171875,81.31999969482422,666.8400268554688,75.80000305175781,4.14300012588501,16.100000381469727
2025-09-23,6608597.0,14.402,756376.0,112014.5,63.40999984741211,97.26000213623047,3780.60009765625,81.26000213623047,663.2100219726562,75.66000366210938,4.119999885559082,16.639999389648438
2025-09-24,6608395.0,29.172,804856.0,113328.6328125,64.98999786376953,97.87000274658203,3732.10009765625,81.1500015258789,661.0999755859375,75.12999725341797,4.146999835968018,16.18000030517578
2025-09-25,6608395.0,25.369,804856.0,109049.2890625,64.9800033569336,98.55000305175781,3736.89990234375,80.91999816894531,658.0499877929688,75.44000244140625,4.171999931335449,16.739999771118164
2025-09-26,6608395.0,48.073,804856.0,109712.828125,65.72000122070312,98.1500015258789,3775.300048828125,81.08000183105469,661.8200073242188,74.37999725341797,4.186999797821045,15.289999961853027
2025-09-27,6608395.0,48.073,804856.0,109681.9453125,65.72000122070312,98.1500015258789,3775.300048828125,81.08000183105469,661.8200073242188,74.37999725341797,4.186999797821045,15.289999961853027
2025-09-28,6608395.0,48.073,804856.0,112122.640625,65.72000122070312,98.1500015258789,3775.300048828125,81.08000183105469,661.8200073242188,74.37999725341797,4.186999797821045,15.289999961853027
2025-09-29,6608395.0,56.22,804856.0,114400.3828125,63.45000076293945,97.91000366210938,3820.89990234375,81.22000122070312,663.6799926757812,75.51000213623047,4.140999794006348,16.1200008392334
2025-09-30,6608395.0,49.071,804856.0,114056.0859375,62.369998931884766,97.7699966430664,3840.800048828125,81.19000244140625,666.1799926757812,77.93000030517578,4.1479997634887695,16.280000686645508
2025-10-01,6587119.0,10.179,805139.0,118648.9296875,61.779998779296875,97.70999908447266,3867.5,80.95999908447266,668.4500122070312,73.5,4.105999946594238,16.290000915527344
2025-10-02,6587119.0,8.436,805139.0,120681.2578125,60.47999954223633,97.8499984741211,3839.699951171875,80.93000030517578,669.219970703125,71.20999908447266,4.0879998207092285,16.6299991607666
2025-10-03,6587119.0,25.392,805139.0,122266.53125,60.880001068115234,97.72000122070312,3880.800048828125,80.83999633789062,669.2100219726562,69.52999877929688,4.11899995803833,16.649999618530273
2025-10-04,6587119.0,25.392,805139.0,122425.4296875,60.880001068115234,97.72000122070312,3880.800048828125,80.83999633789062,669.2100219726562,69.52999877929688,4.11899995803833,16.649999618530273
2025-10-05,6587119.0,25.392,805139.0,123513.4765625,60.880001068115234,97.72000122070312,3880.800048828125,80.83999633789062,669.2100219726562,69.52999877929688,4.11899995803833,16.649999618530273
2025-10-06,6587119.0,21.776,805139.0,124752.53125,61.689998626708984,98.11000061035156,3948.5,80.86000061035156,671.6099853515625,72.98999786376953,4.1620001792907715,16.3700008392334
2025-10-07,6587119.0,4.622,805139.0,121451.3828125,61.72999954223633,98.58000183105469,3976.60009765625,80.7699966430664,669.1199951171875,75.43000030517578,4.126999855041504,17.239999771118164
2025-10-08,6590815.0,5.231,807428.0,123354.8671875,62.54999923706055,98.8499984741211,4043.300048828125,80.6500015258789,673.1099853515625,74.87000274658203,4.129000186920166,16.299999237060547
2025-10-09,6590815.0,4.496,807428.0,121705.5859375,61.5099983215332,99.54000091552734,3946.300048828125,80.41999816894531,671.1599731445312,74.12000274658203,4.1479997634887695,16.43000030517578
2025-10-10,6590815.0,4.124,807428.0,113214.3671875,58.900001525878906,98.9800033569336,3975.89990234375,79.94999694824219,653.02001953125,81.6500015258789,4.051000118255615,21.65999984741211
2025-10-11,6590815.0,4.124,807428.0,110807.8828125,58.900001525878906,98.9800033569336,3975.89990234375,79.94999694824219,653.02001953125,81.6500015258789,4.051000118255615,21.65999984741211
2025-10-12,6590815.0,4.124,807428.0,115169.765625,58.900001525878906,98.9800033569336,3975.89990234375,79.94999694824219,653.02001953125,81.6500015258789,4.051000118255615,21.65999984741211
2025-10-13,6590815.0,4.124,807428.0,115271.078125,59.4900016784668,99.2699966430664,4108.60009765625,80.44999694824219,663.0399780273438,81.6500015258789,4.051000118255615,19.030000686645508
2025-10-14,6590815.0,3.516,807428.0,113118.6640625,58.70000076293945,99.05000305175781,4138.7001953125,80.54000091552734,662.22998046875,79.94999694824219,4.021999835968018,20.809999465942383
2025-10-15,6596454.0,5.484,809593.0,110783.1640625,58.27000045776367,98.79000091552734,4176.89990234375,80.80000305175781,665.1699829101562,75.11000061035156,4.046000003814697,20.639999389648438
2025-10-16,6596454.0,6.96,809593.0,108186.0390625,57.459999084472656,98.38999938964844,4280.2001953125,80.51000213623047,660.6400146484375,81.2300033569336,3.9760000705718994,25.309999465942383
2025-10-17,6596454.0,4.102,809593.0,106467.7890625,57.540000915527344,98.43000030517578,4189.89990234375,80.72000122070312,664.3900146484375,78.62000274658203,4.006999969482422,20.780000686645508
2025-10-18,6596454.0,4.102,809593.0,107198.265625,57.540000915527344,98.43000030517578,4189.89990234375,80.72000122070312,664.3900146484375,78.62000274658203,4.006999969482422,20.780000686645508
2025-10-19,6596454.0,4.102,809593.0,108666.7109375,57.540000915527344,98.43000030517578,4189.89990234375,80.72000122070312,664.3900146484375,78.62000274658203,4.006999969482422,20.780000686645508
2025-10-20,6596454.0,5.931,809593.0,110588.9296875,57.52000045776367,98.58999633789062,4336.39990234375,80.87999725341797,671.2999877929688,77.22000122070312,3.9860000610351562,18.229999542236328
2025-10-21,6596454.0,4.699,809593.0,108476.890625,57.81999969482422,98.93000030517578,4087.699951171875,80.76000213623047,671.2899780273438,77.18000030517578,3.9630000591278076,17.8700008392334
2025-10-22,6589533.0,4.005,908001.0,107688.5859375,58.5,98.9000015258789,4044.39990234375,80.68000030517578,667.7999877929688,75.48999786376953,3.953000068664551,18.600000381469727
2025-10-23,6589533.0,6.941,908001.0,110069.7265625,61.790000915527344,98.94000244140625,4125.5,80.86000061035156,671.760009765625,74.05000305175781,3.990999937057495,17.299999237060547
2025-10-24,6589533.0,2.435,908001.0,111033.921875,61.5,98.94999694824219,4118.39990234375,81.08000183105469,677.25,68.94000244140625,3.996999979019165,16.3700008392334
2025-10-25,6589533.0,2.435,908001.0,111641.7265625,61.5,98.94999694824219,4118.39990234375,81.08000183105469,677.25,68.94000244140625,3.996999979019165,16.3700008392334
2025-10-26,6589533.0,2.435,908001.0,114472.4453125,61.5,98.94999694824219,4118.39990234375,81.08000183105469,677.25,68.94000244140625,3.996999979019165,16.3700008392334
2025-10-27,6589533.0,10.642,908001.0,114119.328125,61.310001373291016,98.77999877929688,4001.89990234375,81.27999877929688,685.239990234375,66.87000274658203,3.996999979019165,15.789999961853027
2025-10-28,6589533.0,14.096,908001.0,112956.1640625,60.150001525878906,98.69000244140625,3966.199951171875,81.19999694824219,687.0599975585938,67.30000305175781,3.9830000400543213,16.420000076293945
2025-10-29,6587034.0,19.504,957990.0,110055.3046875,60.47999954223633,99.22000122070312,3983.699951171875,80.94999694824219,687.3900146484375,65.75,4.058000087738037,16.920000076293945
2025-10-30,6587034.0,19.166,957990.0,108305.546875,60.56999969482422,99.52999877929688,4001.300048828125,80.80000305175781,679.8300170898438,66.87999725341797,4.0929999351501465,16.90999984741211
2025-10-31,6587034.0,51.802,957990.0,109556.1640625,60.97999954223633,99.80000305175781,3982.199951171875,80.80000305175781,682.0599975585938,66.61000061035156,4.10099983215332,17.440000534057617
2025-11-01,6587034.0,51.802,957990.0,110064.015625,60.97999954223633,99.80000305175781,3982.199951171875,80.80000305175781,682.0599975585938,66.61000061035156,4.10099983215332,17.440000534057617
2025-11-02,6587034.0,51.802,957990.0,110639.625,60.97999954223633,99.80000305175781,3982.199951171875,80.80000305175781,682.0599975585938,66.61000061035156,4.10099983215332,17.440000534057617
2025-11-03,6587034.0,23.792,957990.0,106547.5234375,61.04999923706055,99.87000274658203,4000.300048828125,80.13999938964844,683.3400268554688,67.2300033569336,4.105999946594238,17.170000076293945
2025-11-04,6587034.0,16.983,957990.0,101590.5234375,60.560001373291016,100.22000122070312,3947.699951171875,80.1500015258789,675.239990234375,68.0199966430664,4.089000225067139,19.0
2025-11-05,6572732.0,12.814,940979.0,103891.8359375,59.599998474121094,100.19999694824219,3980.300048828125,80.2300033569336,677.5800170898438,72.41999816894531,4.1570000648498535,18.010000228881836
2025-11-06,6572732.0,10.754,940979.0,101301.2890625,59.43000030517578,99.7300033569336,3979.89990234375,80.26000213623047,670.3099975585938,72.44000244140625,4.0929999351501465,19.5
2025-11-07,6572732.0,4.903,940979.0,103372.40625,59.75,99.5999984741211,3999.39990234375,80.33000183105469,670.969970703125,74.41000366210938,4.0929999351501465,19.079999923706055
2025-11-08,6572732.0,4.903,940979.0,102282.1171875,59.75,99.5999984741211,3999.39990234375,80.33000183105469,670.969970703125,74.41000366210938,4.0929999351501465,19.079999923706055
2025-11-09,6572732.0,4.903,940979.0,104719.640625,59.75,99.5999984741211,3999.39990234375,80.33000183105469,670.969970703125,74.41000366210938,4.0929999351501465,19.079999923706055
2025-11-10,6572732.0,7.152,940979.0,105996.59375,60.130001068115234,99.62000274658203,4111.7998046875,80.5999984741211,681.4400024414062,78.86000061035156,4.110000133514404,17.600000381469727
2025-11-11,6572732.0,7.152,940979.0,102997.46875,61.040000915527344,99.45999908447266,4106.7998046875,80.69000244140625,683.0,78.86000061035156,4.119999885559082,17.280000686645508
2025-11-12,6580462.0,5.886,953816.0,101663.1875,58.4900016784668,99.4800033569336,4204.39990234375,80.52999877929688,683.3800048828125,81.12000274658203,4.065000057220459,17.510000228881836
2025-11-13,6580462.0,3.761,953816.0,99697.4921875,58.689998626708984,99.18000030517578,4186.89990234375,80.19999694824219,672.0399780273438,79.0999984741211,4.111999988555908,20.0
2025-11-14,6580462.0,1.559,953816.0,94397.7890625,60.09000015258789,99.2699966430664,4087.60009765625,80.22000122070312,671.9299926757812,79.70999908447266,4.1479997634887695,19.829999923706055
2025-11-15,6580462.0,1.559,953816.0,95549.1484375,60.09000015258789,99.2699966430664,4087.60009765625,80.22000122070312,671.9299926757812,79.70999908447266,4.1479997634887695,19.829999923706055
2025-11-16,6580462.0,1.559,953816.0,94177.078125,60.09000015258789,99.2699966430664,4087.60009765625,80.22000122070312,671.9299926757812,79.70999908447266,4.1479997634887695,19.829999923706055
2025-11-17,6580462.0,3.172,953816.0,92093.875,59.90999984741211,99.58999633789062,4068.300048828125,80.08999633789062,665.6699829101562,82.58000183105469,4.132999897003174,22.3799991607666
2025-11-18,6580462.0,0.905,953816.0,92948.875,60.7400016784668,99.55000305175781,4061.300048828125,80.11000061035156,660.0800170898438,83.18000030517578,4.123000144958496,24.690000534057617
2025-11-19,6555283.0,1.129,941926.0,91465.9921875,59.439998626708984,100.2300033569336,4077.699951171875,80.1500015258789,662.6300048828125,84.31999969482422,4.132999897003174,23.65999984741211
2025-11-20,6555283.0,6.52,941926.0,86631.8984375,59.13999938964844,100.16000366210938,4056.5,80.0999984741211,652.530029296875,77.80999755859375,4.105999946594238,26.420000076293945
2025-11-21,6555283.0,2.503,941926.0,85090.6875,58.060001373291016,100.18000030517578,4076.699951171875,80.37000274658203,659.030029296875,78.80999755859375,4.063000202178955,23.43000030517578
2025-11-22,6555283.0,2.503,941926.0,84648.359375,58.060001373291016,100.18000030517578,4076.699951171875,80.37000274658203,659.030029296875,78.80999755859375,4.063000202178955,23.43000030517578
2025-11-23,6555283.0,2.503,941926.0,86805.0078125,58.060001373291016,100.18000030517578,4076.699951171875,80.37000274658203,659.030029296875,78.80999755859375,4.063000202178955,23.43000030517578
2025-11-24,6555283.0,1.077,941926.0,88270.5625,58.84000015258789,100.13999938964844,4091.89990234375,80.58999633789062,668.72998046875,76.81999969482422,4.038000106811523,20.520000457763672
2025-11-25,6555283.0,2.314,941926.0,87341.890625,57.95000076293945,99.66000366210938,4139.2001953125,80.87000274658203,675.02001953125,72.81999969482422,4.001999855041504,18.559999465942383
2025-11-26,6552419.0,2.217,903394.0,90518.3671875,58.650001525878906,99.5999984741211,4165.2001953125,80.94999694824219,679.6799926757812,71.9000015258789,3.997999906539917,17.190000534057617
2025-11-27,6552419.0,2.217,903394.0,91285.375,58.650001525878906,99.5999984741211,4165.2001953125,80.94999694824219,679.6799926757812,71.9000015258789,3.997999906539917,17.190000534057617
2025-11-28,6552419.0,7.561,903394.0,90919.265625,58.54999923706055,99.45999908447266,4218.2998046875,80.98999786376953,683.3900146484375,68.94999694824219,4.017000198364258,16.350000381469727
2025-11-29,6552419.0,7.561,903394.0,90851.7578125,58.54999923706055,99.45999908447266,4218.2998046875,80.98999786376953,683.3900146484375,68.94999694824219,4.017000198364258,16.350000381469727
2025-11-30,6552419.0,7.561,903394.0,90394.3125,58.54999923706055,99.45999908447266,4218.2998046875,80.98999786376953,683.3900146484375,68.94999694824219,4.017000198364258,16.350000381469727
2025-12-01,6552419.0,3.24,903394.0,86321.5703125,59.31999969482422,99.41000366210938,4239.2998046875,80.47000122070312,680.27001953125,71.3499984741211,4.0960001945495605,17.239999771118164
2025-12-02,6552419.0,5.62,903394.0,91350.203125,58.63999938964844,99.36000061035156,4186.60009765625,80.62000274658203,681.530029296875,69.91000366210938,4.085999965667725,16.59000015258789
2025-12-03,6535781.0,2.514,937167.0,93527.8046875,58.95000076293945,98.8499984741211,4199.2998046875,80.69000244140625,683.8900146484375,66.45999908447266,4.057000160217285,16.079999923706055
2025-12-04,6535781.0,2.233,937167.0,92141.625,59.66999816894531,98.98999786376953,4211.7998046875,80.75,684.3900146484375,65.69000244140625,4.107999801635742,15.779999732971191
2025-12-05,6535781.0,1.485,937167.0,89387.7578125,60.08000183105469,98.98999786376953,4212.89990234375,80.75,685.6900024414062,67.27999877929688,4.138999938964844,15.40999984741211
2025-12-06,6535781.0,1.485,937167.0,89272.375,60.08000183105469,98.98999786376953,4212.89990234375,80.75,685.6900024414062,67.27999877929688,4.138999938964844,15.40999984741211
2025-12-07,6535781.0,1.485,937167.0,90405.640625,60.08000183105469,98.98999786376953,4212.89990234375,80.75,685.6900024414062,67.27999877929688,4.138999938964844,15.40999984741211
2025-12-08,6535781.0,1.703,937167.0,90640.203125,58.880001068115234,99.08999633789062,4187.2001953125,80.55000305175781,683.6300048828125,72.30000305175781,4.171999931335449,16.65999984741211
2025-12-09,6535781.0,3.211,937167.0,92691.7109375,58.25,99.22000122070312,4206.7001953125,80.45999908447266,683.0399780273438,75.37999725341797,4.185999870300293,16.93000030517578
2025-12-10,6539303.0,5.045,858946.0,92020.9453125,58.459999084472656,98.79000091552734,4196.39990234375,80.7300033569336,687.5700073242188,68.62000274658203,4.164000034332275,15.770000457763672
2025-12-11,6539303.0,2.874,858946.0,92511.3359375,57.599998474121094,98.3499984741211,4285.5,80.72000122070312,689.1699829101562,69.23999786376953,4.140999794006348,14.850000381469727
2025-12-12,6539303.0,0.838,858946.0,90270.4140625,57.439998626708984,98.4000015258789,4300.10009765625,80.56999969482422,681.760009765625,69.25,4.193999767303467,15.739999771118164
2025-12-13,6539303.0,0.838,858946.0,90298.7109375,57.439998626708984,98.4000015258789,4300.10009765625,80.56999969482422,681.760009765625,69.25,4.193999767303467,15.739999771118164
2025-12-14,6539303.0,0.838,858946.0,88175.1796875,57.439998626708984,98.4000015258789,4300.10009765625,80.56999969482422,681.760009765625,69.25,4.193999767303467,15.739999771118164
2025-12-15,6539303.0,2.601,858946.0,86419.78125,56.81999969482422,98.1500015258789,4306.7001953125,80.61000061035156,680.72998046875,73.30999755859375,4.182000160217285,16.5
2025-12-16,6539303.0,1.554,858946.0,87843.984375,55.27000045776367,98.1500015258789,4304.5,80.66000366210938,678.8699951171875,67.13999938964844,4.14900016784668,16.479999542236328
2025-12-17,6556861.0,10.361,833093.0,86143.7578125,55.939998626708984,98.37000274658203,4347.5,80.55999755859375,671.4000244140625,62.7400016784668,4.151000022888184,17.6200008392334
2025-12-18,6556861.0,11.708,833093.0,85462.5078125,56.150001525878906,98.43000030517578,4339.5,80.77999877929688,676.469970703125,60.0099983215332,4.116000175476074,16.8700008392334
2025-12-19,6556861.0,3.047,833093.0,88103.3828125,56.65999984741211,98.5999984741211,4361.39990234375,80.36000061035156,680.5900268554688,59.40999984741211,4.151000022888184,14.90999984741211
2025-12-20,6556861.0,3.047,833093.0,88344.0,56.65999984741211,98.5999984741211,4361.39990234375,80.36000061035156,680.5900268554688,59.40999984741211,4.151000022888184,14.90999984741211
2025-12-21,6556861.0,3.047,833093.0,88621.75,56.65999984741211,98.5999984741211,4361.39990234375,80.36000061035156,680.5900268554688,59.40999984741211,4.151000022888184,14.90999984741211
2025-12-22,6556861.0,1.523,833093.0,88490.015625,58.0099983215332,98.29000091552734,4444.60009765625,80.43000030517578,684.8300170898438,61.70000076293945,4.169000148773193,14.079999923706055
2025-12-23,6556861.0,5.893,833093.0,87414.0,58.380001068115234,97.94000244140625,4482.7998046875,80.48999786376953,687.9600219726562,61.16999816894531,4.169000148773193,14.0
2025-12-24,6581231.0,4.803,837120.0,87611.9609375,58.349998474121094,97.9800033569336,4480.60009765625,80.63999938964844,690.3800048828125,59.47999954223633,4.136000156402588,13.470000267028809
2025-12-25,6581231.0,4.803,837120.0,87234.7421875,58.349998474121094,97.9800033569336,4480.60009765625,80.63999938964844,690.3800048828125,59.47999954223633,4.136000156402588,13.470000267028809
2025-12-26,6581231.0,20.339,837120.0,87301.4296875,56.7400016784668,98.0199966430664,4529.10009765625,80.5999984741211,690.3099975585938,58.5,4.136000156402588,13.600000381469727
2025-12-27,6581231.0,20.339,837120.0,87802.15625,56.7400016784668,98.0199966430664,4529.10009765625,80.5999984741211,690.3099975585938,58.5,4.136000156402588,13.600000381469727
2025-12-28,6581231.0,20.339,837120.0,87835.8359375,56.7400016784668,98.0199966430664,4529.10009765625,80.5999984741211,690.3099975585938,58.5,4.136000156402588,13.600000381469727
2025-12-29,6581231.0,10.551,837120.0,87835.8359375,58.08000183105469,98.04000091552734,4325.10009765625,80.62999725341797,687.8499755859375,59.209999084472656,4.116000175476074,14.199999809265137
2025-12-30,6581231.0,10.551,837120.0,87400.203125,58.06999969482422,98.02799987792969,4385.10009765625,80.62999725341797,687.8499755859375,59.209999084472656,4.116000175476074,14.199999809265137
